DATE,STATE,CHANNEL,DIST,Average Sale,Difference in Sale,GAME
9/12/2015,Maryland,DRUG,<10km,656.0270086,-26544.74,Away(2015)-Home(2014)
10/17/2015,Maryland,DRUG,<10km,778.7966453,-10192.51,Away(2015)-Home(2014)
11/28/2015,Maryland,DRUG,<10km,652.674765,4933.39,Away(2015)-Home(2014)
9/12/2015,Maryland,GROCERY,<10km,1694.146667,-3004.28,Away(2015)-Home(2014)
10/17/2015,Maryland,GROCERY,<10km,2154.32772,8895.6,Away(2015)-Home(2014)
11/28/2015,Maryland,GROCERY,<10km,1736.80114,13497.18,Away(2015)-Home(2014)
9/12/2015,Maryland,MASS MERCHANDISER,<10km,903.1726905,-11842.09,Away(2015)-Home(2014)
10/17/2015,Maryland,MASS MERCHANDISER,<10km,1160.402429,-2995.38,Away(2015)-Home(2014)
11/28/2015,Maryland,MASS MERCHANDISER,<10km,914.9071191,-5943.11,Away(2015)-Home(2014)
9/12/2015,Maryland,CONVENIENCE STORE,>179km,666.9769444,2510.73,Away(2015)-Home(2014)
10/17/2015,Maryland,CONVENIENCE STORE,>179km,678.2058334,782.49,Away(2015)-Home(2014)
11/28/2015,Maryland,CONVENIENCE STORE,>179km,613.3861111,1880.34,Away(2015)-Home(2014)
9/12/2015,Maryland,DRUG,>179km,466.6963333,-1774.26,Away(2015)-Home(2014)
10/17/2015,Maryland,DRUG,>179km,579.2563334,-1167.26,Away(2015)-Home(2014)
11/28/2015,Maryland,DRUG,>179km,959.6733334,4783.84,Away(2015)-Home(2014)
9/12/2015,Maryland,GROCERY,>179km,2055.3,-5558.48,Away(2015)-Home(2014)
10/17/2015,Maryland,GROCERY,>179km,2469.318959,-1542.01,Away(2015)-Home(2014)
11/28/2015,Maryland,GROCERY,>179km,2109.379584,-5381.54,Away(2015)-Home(2014)
9/12/2015,Maryland,MASS MERCHANDISER,>179km,534.8785119,-1174.67,Away(2015)-Home(2014)
10/17/2015,Maryland,MASS MERCHANDISER,>179km,657.6750595,-2359.99,Away(2015)-Home(2014)
11/28/2015,Maryland,MASS MERCHANDISER,>179km,493.5393453,-1903.49,Away(2015)-Home(2014)
9/12/2015,Maryland,CONVENIENCE STORE,10-50km,394.4609722,-770.03,Away(2015)-Home(2014)
10/17/2015,Maryland,CONVENIENCE STORE,10-50km,396.7752778,311.2,Away(2015)-Home(2014)
11/28/2015,Maryland,CONVENIENCE STORE,10-50km,482.8488095,1766,Away(2015)-Home(2014)
9/12/2015,Maryland,DRUG,10-50km,711.9578823,-21451.21,Away(2015)-Home(2014)
10/17/2015,Maryland,DRUG,10-50km,871.3305964,4177,Away(2015)-Home(2014)
11/28/2015,Maryland,DRUG,10-50km,909.761552,40616.77,Away(2015)-Home(2014)
9/12/2015,Maryland,GROCERY,10-50km,1868.447501,44178.6,Away(2015)-Home(2014)
10/17/2015,Maryland,GROCERY,10-50km,2392.907282,61693.69,Away(2015)-Home(2014)
11/28/2015,Maryland,GROCERY,10-50km,2025.332093,13456.08,Away(2015)-Home(2014)
9/12/2015,Maryland,MASS MERCHANDISER,10-50km,1386.018316,-28080.99,Away(2015)-Home(2014)
10/17/2015,Maryland,MASS MERCHANDISER,10-50km,2119.671026,-6889.4,Away(2015)-Home(2014)
11/28/2015,Maryland,MASS MERCHANDISER,10-50km,1589.315039,21508.88,Away(2015)-Home(2014)
9/12/2015,Maryland,WHOLESALE CLUB,10-50km,10897.06203,3576.83,Away(2015)-Home(2014)
10/17/2015,Maryland,WHOLESALE CLUB,10-50km,16336.23266,9836.63,Away(2015)-Home(2014)
11/28/2015,Maryland,WHOLESALE CLUB,10-50km,11367.41172,20690.85,Away(2015)-Home(2014)
9/12/2015,Maryland,DRUG,126-179km,397.7102083,-1637.53,Away(2015)-Home(2014)
10/17/2015,Maryland,DRUG,126-179km,436.1330556,-651.36,Away(2015)-Home(2014)
11/28/2015,Maryland,DRUG,126-179km,587.2969445,3573.66,Away(2015)-Home(2014)
9/12/2015,Maryland,GROCERY,126-179km,1433.92007,14588.85,Away(2015)-Home(2014)
10/17/2015,Maryland,GROCERY,126-179km,1391.325695,582.08,Away(2015)-Home(2014)
11/28/2015,Maryland,GROCERY,126-179km,1208.315985,6420.57,Away(2015)-Home(2014)
9/12/2015,Maryland,MASS MERCHANDISER,126-179km,497.5439667,761.79,Away(2015)-Home(2014)
10/17/2015,Maryland,MASS MERCHANDISER,126-179km,600.3120333,2634.93,Away(2015)-Home(2014)
11/28/2015,Maryland,MASS MERCHANDISER,126-179km,593.9922,-119.32,Away(2015)-Home(2014)
9/12/2015,Maryland,CONVENIENCE STORE,50-126km,466.95555,72.25,Away(2015)-Home(2014)
10/17/2015,Maryland,CONVENIENCE STORE,50-126km,460.2435667,3017.64,Away(2015)-Home(2014)
11/28/2015,Maryland,CONVENIENCE STORE,50-126km,416.2609667,2937.58,Away(2015)-Home(2014)
9/12/2015,Maryland,DRUG,50-126km,631.2054564,-10414.43,Away(2015)-Home(2014)
10/17/2015,Maryland,DRUG,50-126km,785.6379564,848.55,Away(2015)-Home(2014)
11/28/2015,Maryland,DRUG,50-126km,849.5866667,20395.04,Away(2015)-Home(2014)
9/12/2015,Maryland,GROCERY,50-126km,1617.50217,20097.83,Away(2015)-Home(2014)
10/17/2015,Maryland,GROCERY,50-126km,2011.074221,-24240.66,Away(2015)-Home(2014)
11/28/2015,Maryland,GROCERY,50-126km,1727.05132,-3075.06,Away(2015)-Home(2014)
9/12/2015,Maryland,MASS MERCHANDISER,50-126km,866.6136776,-19529.86,Away(2015)-Home(2014)
10/17/2015,Maryland,MASS MERCHANDISER,50-126km,1190.119024,-3756.97,Away(2015)-Home(2014)
11/28/2015,Maryland,MASS MERCHANDISER,50-126km,1074.977823,-8364.77,Away(2015)-Home(2014)
9/12/2015,Maryland,WHOLESALE CLUB,50-126km,8808.2525,-158.24,Away(2015)-Home(2014)
10/17/2015,Maryland,WHOLESALE CLUB,50-126km,12677.21313,5061.31,Away(2015)-Home(2014)
11/28/2015,Maryland,WHOLESALE CLUB,50-126km,8915.903125,-1341.65,Away(2015)-Home(2014)
10/17/2015,Colorado,CONVENIENCE STORE,<10km,371.6876263,276.7,Away(2015)-Home(2014)
11/21/2015,Colorado,CONVENIENCE STORE,<10km,343.1937879,308.48,Away(2015)-Home(2014)
12/5/2015,Colorado,CONVENIENCE STORE,<10km,324.7012879,-74.05,Away(2015)-Home(2014)
10/17/2015,Colorado,DRUG,<10km,1234.910799,-2351.33,Away(2015)-Home(2014)
11/21/2015,Colorado,DRUG,<10km,1076.248056,-4797.26,Away(2015)-Home(2014)
12/5/2015,Colorado,DRUG,<10km,1326.184445,7731.2,Away(2015)-Home(2014)
10/17/2015,Colorado,GROCERY,<10km,3503.424778,-12779.08,Away(2015)-Home(2014)
11/21/2015,Colorado,GROCERY,<10km,2480.653167,7323.17,Away(2015)-Home(2014)
12/5/2015,Colorado,GROCERY,<10km,2895.539945,-23474.47,Away(2015)-Home(2014)
10/17/2015,Colorado,MASS MERCHANDISER,<10km,797.2070076,-7905.85,Away(2015)-Home(2014)
11/21/2015,Colorado,MASS MERCHANDISER,<10km,640.7364015,-6858.43,Away(2015)-Home(2014)
12/5/2015,Colorado,MASS MERCHANDISER,<10km,903.4317803,-2283.13,Away(2015)-Home(2014)
10/17/2015,Colorado,CONVENIENCE STORE,>179km,568.4265,5658.05,Away(2015)-Home(2014)
11/21/2015,Colorado,CONVENIENCE STORE,>179km,479.3602619,7195.41,Away(2015)-Home(2014)
12/5/2015,Colorado,CONVENIENCE STORE,>179km,472.6220714,-1426.33,Away(2015)-Home(2014)
10/17/2015,Colorado,DRUG,>179km,776.1452223,-779.14,Away(2015)-Home(2014)
11/21/2015,Colorado,DRUG,>179km,680.6893889,-2717.65,Away(2015)-Home(2014)
12/5/2015,Colorado,DRUG,>179km,1015.448833,-5286.07,Away(2015)-Home(2014)
10/17/2015,Colorado,GROCERY,>179km,1572.870088,13404.52,Away(2015)-Home(2014)
11/21/2015,Colorado,GROCERY,>179km,1174.16079,1814.34,Away(2015)-Home(2014)
12/5/2015,Colorado,GROCERY,>179km,1095.746492,6185.32,Away(2015)-Home(2014)
10/17/2015,Colorado,MASS MERCHANDISER,>179km,645.7731209,439.81,Away(2015)-Home(2014)
11/21/2015,Colorado,MASS MERCHANDISER,>179km,505.6740065,-11080.7,Away(2015)-Home(2014)
12/5/2015,Colorado,MASS MERCHANDISER,>179km,752.8425481,-18978.87,Away(2015)-Home(2014)
10/17/2015,Colorado,CONVENIENCE STORE,10-50km,382.0641383,15853.08,Away(2015)-Home(2014)
11/21/2015,Colorado,CONVENIENCE STORE,10-50km,345.2544319,17449.12,Away(2015)-Home(2014)
12/5/2015,Colorado,CONVENIENCE STORE,10-50km,331.6576089,3440.79,Away(2015)-Home(2014)
10/17/2015,Colorado,DRUG,10-50km,997.6811871,19814.59,Away(2015)-Home(2014)
11/21/2015,Colorado,DRUG,10-50km,876.4017202,-8648.33,Away(2015)-Home(2014)
12/5/2015,Colorado,DRUG,10-50km,1174.951885,15363.38,Away(2015)-Home(2014)
10/17/2015,Colorado,GROCERY,10-50km,3432.228363,-29662.58,Away(2015)-Home(2014)
11/21/2015,Colorado,GROCERY,10-50km,2531.359445,-3717.48,Away(2015)-Home(2014)
12/5/2015,Colorado,GROCERY,10-50km,3355.521521,-1834.84,Away(2015)-Home(2014)
10/17/2015,Colorado,MASS MERCHANDISER,10-50km,1373.82438,-13797.8,Away(2015)-Home(2014)
11/21/2015,Colorado,MASS MERCHANDISER,10-50km,1092.500097,-21943.89,Away(2015)-Home(2014)
12/5/2015,Colorado,MASS MERCHANDISER,10-50km,1696.126958,-17046.57,Away(2015)-Home(2014)
10/17/2015,Colorado,CONVENIENCE STORE,126-179km,575.522341,18551.71,Away(2015)-Home(2014)
11/21/2015,Colorado,CONVENIENCE STORE,126-179km,484.7548409,18853.32,Away(2015)-Home(2014)
12/5/2015,Colorado,CONVENIENCE STORE,126-179km,493.7083523,5447.97,Away(2015)-Home(2014)
10/17/2015,Colorado,DRUG,126-179km,1007.583229,4967.13,Away(2015)-Home(2014)
11/21/2015,Colorado,DRUG,126-179km,889.930625,-230.5,Away(2015)-Home(2014)
12/5/2015,Colorado,DRUG,126-179km,1302.317292,7617.16,Away(2015)-Home(2014)
10/17/2015,Colorado,GROCERY,126-179km,1773.037604,-7460.75,Away(2015)-Home(2014)
11/21/2015,Colorado,GROCERY,126-179km,1268.097188,1252.15,Away(2015)-Home(2014)
12/5/2015,Colorado,GROCERY,126-179km,1353.065313,-16989.71,Away(2015)-Home(2014)
10/17/2015,Colorado,MASS MERCHANDISER,126-179km,576.3159334,-1106.26,Away(2015)-Home(2014)
11/21/2015,Colorado,MASS MERCHANDISER,126-179km,456.7497333,-1959.3,Away(2015)-Home(2014)
12/5/2015,Colorado,MASS MERCHANDISER,126-179km,700.7638667,-8600.8,Away(2015)-Home(2014)
10/17/2015,Colorado,CONVENIENCE STORE,50-126km,497.0176748,35230.72,Away(2015)-Home(2014)
11/21/2015,Colorado,CONVENIENCE STORE,50-126km,442.2003427,14619.11,Away(2015)-Home(2014)
12/5/2015,Colorado,CONVENIENCE STORE,50-126km,439.2542876,12468.16,Away(2015)-Home(2014)
10/17/2015,Colorado,DRUG,50-126km,1173.436667,17611.18,Away(2015)-Home(2014)
11/21/2015,Colorado,DRUG,50-126km,1014.963389,1341.69,Away(2015)-Home(2014)
12/5/2015,Colorado,DRUG,50-126km,1357.328074,14863.62,Away(2015)-Home(2014)
10/17/2015,Colorado,GROCERY,50-126km,2744.074542,4314.76,Away(2015)-Home(2014)
11/21/2015,Colorado,GROCERY,50-126km,2098.570459,12196.48,Away(2015)-Home(2014)
12/5/2015,Colorado,GROCERY,50-126km,2406.822813,29357.89,Away(2015)-Home(2014)
10/17/2015,Colorado,MASS MERCHANDISER,50-126km,1040.538946,-744,Away(2015)-Home(2014)
11/21/2015,Colorado,MASS MERCHANDISER,50-126km,851.1866156,-14256.79,Away(2015)-Home(2014)
12/5/2015,Colorado,MASS MERCHANDISER,50-126km,1329.316123,-1938.54,Away(2015)-Home(2014)
9/12/2015,Louisiana,CONVENIENCE STORE,<10km,362.8644097,3245.63,Away(2015)-Home(2014)
9/26/2015,Louisiana,CONVENIENCE STORE,<10km,378.0582292,3777.47,Away(2015)-Home(2014)
11/7/2015,Louisiana,CONVENIENCE STORE,<10km,368.7164584,-2576.5,Away(2015)-Home(2014)
9/12/2015,Louisiana,GROCERY,<10km,1943.670334,-9394.24,Away(2015)-Home(2014)
9/26/2015,Louisiana,GROCERY,<10km,1884.685,-5567.6,Away(2015)-Home(2014)
11/7/2015,Louisiana,GROCERY,<10km,3775.371167,-6568.71,Away(2015)-Home(2014)
9/12/2015,Louisiana,MASS MERCHANDISER,<10km,487.3738021,-714.69,Away(2015)-Home(2014)
9/26/2015,Louisiana,MASS MERCHANDISER,<10km,477.7864167,-2366.64,Away(2015)-Home(2014)
11/7/2015,Louisiana,MASS MERCHANDISER,<10km,498.3138021,-3231.57,Away(2015)-Home(2014)
9/12/2015,Louisiana,CONVENIENCE STORE,>179km,490.4207515,-1726.92,Away(2015)-Home(2014)
9/26/2015,Louisiana,CONVENIENCE STORE,>179km,464.6816901,4498.52,Away(2015)-Home(2014)
11/7/2015,Louisiana,CONVENIENCE STORE,>179km,430.8866871,-405.33,Away(2015)-Home(2014)
9/12/2015,Louisiana,GROCERY,>179km,980.9197037,704.17,Away(2015)-Home(2014)
9/26/2015,Louisiana,GROCERY,>179km,979.7543285,-19553.83,Away(2015)-Home(2014)
11/7/2015,Louisiana,GROCERY,>179km,2025.063074,-6877.54,Away(2015)-Home(2014)
9/12/2015,Louisiana,MASS MERCHANDISER,>179km,474.0282553,-7479.65,Away(2015)-Home(2014)
9/26/2015,Louisiana,MASS MERCHANDISER,>179km,469.1087469,-1278.43,Away(2015)-Home(2014)
11/7/2015,Louisiana,MASS MERCHANDISER,>179km,497.8294824,13588.74,Away(2015)-Home(2014)
9/12/2015,Louisiana,CONVENIENCE STORE,10-50km,364.892284,1929.42,Away(2015)-Home(2014)
9/26/2015,Louisiana,CONVENIENCE STORE,10-50km,369.0169877,467.46,Away(2015)-Home(2014)
11/7/2015,Louisiana,CONVENIENCE STORE,10-50km,340.1964383,-883.06,Away(2015)-Home(2014)
9/12/2015,Louisiana,GROCERY,10-50km,1577.423611,-4296.81,Away(2015)-Home(2014)
9/26/2015,Louisiana,GROCERY,10-50km,1532.741111,-4374.76,Away(2015)-Home(2014)
11/7/2015,Louisiana,GROCERY,10-50km,3033.013333,-697.14,Away(2015)-Home(2014)
9/12/2015,Louisiana,MASS MERCHANDISER,10-50km,476.3106129,-1963.87,Away(2015)-Home(2014)
9/26/2015,Louisiana,MASS MERCHANDISER,10-50km,466.4067366,-5884.58,Away(2015)-Home(2014)
11/7/2015,Louisiana,MASS MERCHANDISER,10-50km,476.4942527,6263.35,Away(2015)-Home(2014)
9/12/2015,Louisiana,CONVENIENCE STORE,126-179km,399.5488334,3441.63,Away(2015)-Home(2014)
9/26/2015,Louisiana,CONVENIENCE STORE,126-179km,405.0725556,-368.22,Away(2015)-Home(2014)
11/7/2015,Louisiana,CONVENIENCE STORE,126-179km,376.5620556,-850.21,Away(2015)-Home(2014)
9/12/2015,Louisiana,GROCERY,126-179km,1115.936667,-2493.64,Away(2015)-Home(2014)
9/26/2015,Louisiana,GROCERY,126-179km,1092.870417,-1324.85,Away(2015)-Home(2014)
11/7/2015,Louisiana,GROCERY,126-179km,1756.642084,-7568.75,Away(2015)-Home(2014)
9/12/2015,Louisiana,MASS MERCHANDISER,126-179km,463.5056403,4534.15,Away(2015)-Home(2014)
9/26/2015,Louisiana,MASS MERCHANDISER,126-179km,459.612246,-953.85,Away(2015)-Home(2014)
11/7/2015,Louisiana,MASS MERCHANDISER,126-179km,456.9276972,3755.67,Away(2015)-Home(2014)
9/12/2015,Louisiana,CONVENIENCE STORE,50-126km,392.4581411,3460.93,Away(2015)-Home(2014)
9/26/2015,Louisiana,CONVENIENCE STORE,50-126km,406.2020086,2379.8,Away(2015)-Home(2014)
11/7/2015,Louisiana,CONVENIENCE STORE,50-126km,382.8102351,-3198.09,Away(2015)-Home(2014)
9/12/2015,Louisiana,GROCERY,50-126km,2160.658,-5586.32,Away(2015)-Home(2014)
9/26/2015,Louisiana,GROCERY,50-126km,2075.9255,-2819.37,Away(2015)-Home(2014)
11/7/2015,Louisiana,GROCERY,50-126km,4328.863833,6126.87,Away(2015)-Home(2014)
9/12/2015,Louisiana,MASS MERCHANDISER,50-126km,508.8491693,48584.75,Away(2015)-Home(2014)
9/26/2015,Louisiana,MASS MERCHANDISER,50-126km,500.1707517,15462.16,Away(2015)-Home(2014)
11/7/2015,Louisiana,MASS MERCHANDISER,50-126km,501.2507255,22190.99,Away(2015)-Home(2014)
9/5/2015,Alabama,CONVENIENCE STORE,<10km,382.5996895,-899.46,Away(2015)-Home(2014)
10/17/2015,Alabama,CONVENIENCE STORE,<10km,394.5850596,154.78,Away(2015)-Home(2014)
11/14/2015,Alabama,CONVENIENCE STORE,<10km,370.7627679,5898.23,Away(2015)-Home(2014)
11/28/2015,Alabama,CONVENIENCE STORE,<10km,388.4420833,1888.74,Away(2015)-Home(2014)
9/5/2015,Alabama,DRUG,<10km,309.9800119,1091.65,Away(2015)-Home(2014)
10/17/2015,Alabama,DRUG,<10km,365.5052858,1065.55,Away(2015)-Home(2014)
11/14/2015,Alabama,DRUG,<10km,305.5193572,360.7,Away(2015)-Home(2014)
11/28/2015,Alabama,DRUG,<10km,295.6525397,-1234.43,Away(2015)-Home(2014)
9/5/2015,Alabama,GROCERY,<10km,2159.995238,-181.02,Away(2015)-Home(2014)
10/17/2015,Alabama,GROCERY,<10km,3035.76631,3711.57,Away(2015)-Home(2014)
11/14/2015,Alabama,GROCERY,<10km,2297.008334,8953,Away(2015)-Home(2014)
11/28/2015,Alabama,GROCERY,<10km,2329.365357,185.37,Away(2015)-Home(2014)
9/5/2015,Alabama,MASS MERCHANDISER,<10km,506.4606378,733.23,Away(2015)-Home(2014)
10/17/2015,Alabama,MASS MERCHANDISER,<10km,648.1764031,7.63,Away(2015)-Home(2014)
11/14/2015,Alabama,MASS MERCHANDISER,<10km,557.5900765,534.89,Away(2015)-Home(2014)
11/28/2015,Alabama,MASS MERCHANDISER,<10km,537.9813521,-2765.49,Away(2015)-Home(2014)
9/5/2015,Alabama,CONVENIENCE STORE,>179km,335.7802138,-27727.53,Away(2015)-Home(2014)
10/17/2015,Alabama,CONVENIENCE STORE,>179km,335.7529624,4090.64,Away(2015)-Home(2014)
11/14/2015,Alabama,CONVENIENCE STORE,>179km,301.5640841,14919.27,Away(2015)-Home(2014)
11/28/2015,Alabama,CONVENIENCE STORE,>179km,324.2342484,15006.99,Away(2015)-Home(2014)
9/5/2015,Alabama,DRUG,>179km,359.5292866,2252.41,Away(2015)-Home(2014)
10/17/2015,Alabama,DRUG,>179km,425.3139022,-16578.82,Away(2015)-Home(2014)
11/14/2015,Alabama,DRUG,>179km,357.957078,-10605.75,Away(2015)-Home(2014)
11/28/2015,Alabama,DRUG,>179km,413.1874441,13618.84,Away(2015)-Home(2014)
9/5/2015,Alabama,GROCERY,>179km,1293.946752,-16391.12,Away(2015)-Home(2014)
10/17/2015,Alabama,GROCERY,>179km,1672.132906,-6390.21,Away(2015)-Home(2014)
11/14/2015,Alabama,GROCERY,>179km,1238.60592,10991.29,Away(2015)-Home(2014)
11/28/2015,Alabama,GROCERY,>179km,1484.732055,-6548.36,Away(2015)-Home(2014)
9/5/2015,Alabama,MASS MERCHANDISER,>179km,400.3802018,48811.27,Away(2015)-Home(2014)
10/17/2015,Alabama,MASS MERCHANDISER,>179km,490.156643,-37476.06,Away(2015)-Home(2014)
11/14/2015,Alabama,MASS MERCHANDISER,>179km,423.8230243,-91277.06,Away(2015)-Home(2014)
11/28/2015,Alabama,MASS MERCHANDISER,>179km,399.1702033,-27238.49,Away(2015)-Home(2014)
9/5/2015,Alabama,CONVENIENCE STORE,10-50km,435.5075447,-1701.41,Away(2015)-Home(2014)
10/17/2015,Alabama,CONVENIENCE STORE,10-50km,437.0636161,-465.41,Away(2015)-Home(2014)
11/14/2015,Alabama,CONVENIENCE STORE,10-50km,406.2047322,-1859.3,Away(2015)-Home(2014)
11/28/2015,Alabama,CONVENIENCE STORE,10-50km,457.16375,-3377.86,Away(2015)-Home(2014)
9/5/2015,Alabama,DRUG,10-50km,543.485,771.17,Away(2015)-Home(2014)
10/17/2015,Alabama,DRUG,10-50km,656.1271429,-272.7,Away(2015)-Home(2014)
11/14/2015,Alabama,DRUG,10-50km,531.9728572,1519.64,Away(2015)-Home(2014)
11/28/2015,Alabama,DRUG,10-50km,595.1033333,964.14,Away(2015)-Home(2014)
9/5/2015,Alabama,GROCERY,10-50km,973.5494284,-2390.44,Away(2015)-Home(2014)
10/17/2015,Alabama,GROCERY,10-50km,1112.192572,3523.84,Away(2015)-Home(2014)
11/14/2015,Alabama,GROCERY,10-50km,899.5342857,-594.46,Away(2015)-Home(2014)
11/28/2015,Alabama,GROCERY,10-50km,1111.279715,319.02,Away(2015)-Home(2014)
9/5/2015,Alabama,MASS MERCHANDISER,10-50km,418.2110896,-947.12,Away(2015)-Home(2014)
10/17/2015,Alabama,MASS MERCHANDISER,10-50km,510.2349637,-5784.7,Away(2015)-Home(2014)
11/14/2015,Alabama,MASS MERCHANDISER,10-50km,454.9962976,-10595.77,Away(2015)-Home(2014)
11/28/2015,Alabama,MASS MERCHANDISER,10-50km,407.0607834,-2961.58,Away(2015)-Home(2014)
9/5/2015,Alabama,CONVENIENCE STORE,126-179km,352.1833288,-9539.6,Away(2015)-Home(2014)
10/17/2015,Alabama,CONVENIENCE STORE,126-179km,360.8664022,1856.5,Away(2015)-Home(2014)
11/14/2015,Alabama,CONVENIENCE STORE,126-179km,317.8695093,16556.8,Away(2015)-Home(2014)
11/28/2015,Alabama,CONVENIENCE STORE,126-179km,340.605169,22322.9,Away(2015)-Home(2014)
9/5/2015,Alabama,DRUG,126-179km,396.4936616,7497.14,Away(2015)-Home(2014)
10/17/2015,Alabama,DRUG,126-179km,466.028034,-11055.76,Away(2015)-Home(2014)
11/14/2015,Alabama,DRUG,126-179km,398.188991,7013.32,Away(2015)-Home(2014)
11/28/2015,Alabama,DRUG,126-179km,446.0011905,8814,Away(2015)-Home(2014)
9/5/2015,Alabama,GROCERY,126-179km,943.5615449,-17933.03,Away(2015)-Home(2014)
10/17/2015,Alabama,GROCERY,126-179km,1198.413256,16732.92,Away(2015)-Home(2014)
11/14/2015,Alabama,GROCERY,126-179km,906.8096678,1300.64,Away(2015)-Home(2014)
11/28/2015,Alabama,GROCERY,126-179km,1160.615532,-20688.47,Away(2015)-Home(2014)
9/5/2015,Alabama,MASS MERCHANDISER,126-179km,409.2969241,52183.16,Away(2015)-Home(2014)
10/17/2015,Alabama,MASS MERCHANDISER,126-179km,505.5491824,-32417.88,Away(2015)-Home(2014)
11/14/2015,Alabama,MASS MERCHANDISER,126-179km,431.779988,-51200.19,Away(2015)-Home(2014)
11/28/2015,Alabama,MASS MERCHANDISER,126-179km,409.6911204,-18398.05,Away(2015)-Home(2014)
9/5/2015,Alabama,CONVENIENCE STORE,50-126km,352.9312034,-909.28,Away(2015)-Home(2014)
10/17/2015,Alabama,CONVENIENCE STORE,50-126km,364.9583263,11471.33,Away(2015)-Home(2014)
11/14/2015,Alabama,CONVENIENCE STORE,50-126km,316.0919728,16574.48,Away(2015)-Home(2014)
11/28/2015,Alabama,CONVENIENCE STORE,50-126km,346.4853317,20519.53,Away(2015)-Home(2014)
9/5/2015,Alabama,DRUG,50-126km,368.6682941,6683.57,Away(2015)-Home(2014)
10/17/2015,Alabama,DRUG,50-126km,437.7879247,-7793.83,Away(2015)-Home(2014)
11/14/2015,Alabama,DRUG,50-126km,372.2657395,6885.49,Away(2015)-Home(2014)
11/28/2015,Alabama,DRUG,50-126km,410.5942787,9432.77,Away(2015)-Home(2014)
9/5/2015,Alabama,GROCERY,50-126km,885.6277755,-17403.01,Away(2015)-Home(2014)
10/17/2015,Alabama,GROCERY,50-126km,1129.712572,11822.9,Away(2015)-Home(2014)
11/14/2015,Alabama,GROCERY,50-126km,882.1166735,-2583.33,Away(2015)-Home(2014)
11/28/2015,Alabama,GROCERY,50-126km,1131.456122,-4204.64,Away(2015)-Home(2014)
9/5/2015,Alabama,MASS MERCHANDISER,50-126km,415.3757536,47281.48,Away(2015)-Home(2014)
10/17/2015,Alabama,MASS MERCHANDISER,50-126km,517.1965833,-15960.73,Away(2015)-Home(2014)
11/14/2015,Alabama,MASS MERCHANDISER,50-126km,435.1993674,-20448.61,Away(2015)-Home(2014)
11/28/2015,Alabama,MASS MERCHANDISER,50-126km,416.7493228,-13636.15,Away(2015)-Home(2014)
10/10/2015,Maryland,DRUG,<10km,801.4112821,-14533.62,Home(2015)-Away(2014)
10/31/2015,Maryland,DRUG,<10km,1489.131475,4287.93,Home(2015)-Away(2014)
11/21/2015,Maryland,DRUG,<10km,674.8531624,-5758.7,Home(2015)-Away(2014)
12/19/2015,Maryland,DRUG,<10km,1042.956603,-5906.35,Home(2015)-Away(2014)
10/10/2015,Maryland,GROCERY,<10km,2058.646667,22679.04,Home(2015)-Away(2014)
10/31/2015,Maryland,GROCERY,<10km,3120.396579,9073.44,Home(2015)-Away(2014)
11/21/2015,Maryland,GROCERY,<10km,1686.63079,10731.72,Home(2015)-Away(2014)
12/19/2015,Maryland,GROCERY,<10km,2200.223684,1698.32,Home(2015)-Away(2014)
10/10/2015,Maryland,MASS MERCHANDISER,<10km,1112.190524,-12407.14,Home(2015)-Away(2014)
10/31/2015,Maryland,MASS MERCHANDISER,<10km,2450.643857,34645.48,Home(2015)-Away(2014)
11/21/2015,Maryland,MASS MERCHANDISER,<10km,923.6486667,2888.52,Home(2015)-Away(2014)
12/19/2015,Maryland,MASS MERCHANDISER,<10km,1659.808167,-13941.53,Home(2015)-Away(2014)
10/10/2015,Maryland,CONVENIENCE STORE,>179km,577.6030556,762.65,Home(2015)-Away(2014)
10/31/2015,Maryland,CONVENIENCE STORE,>179km,595.3369445,1047.31,Home(2015)-Away(2014)
11/21/2015,Maryland,CONVENIENCE STORE,>179km,564.3875,1044.97,Home(2015)-Away(2014)
12/19/2015,Maryland,CONVENIENCE STORE,>179km,539.0852778,1305.73,Home(2015)-Away(2014)
10/10/2015,Maryland,DRUG,>179km,595.7671667,755.39,Home(2015)-Away(2014)
10/31/2015,Maryland,DRUG,>179km,937.8606667,2502.62,Home(2015)-Away(2014)
11/21/2015,Maryland,DRUG,>179km,526.7803334,-2703.46,Home(2015)-Away(2014)
12/19/2015,Maryland,DRUG,>179km,1557.214334,-1638.04,Home(2015)-Away(2014)
10/10/2015,Maryland,GROCERY,>179km,2334.357084,-4815.64,Home(2015)-Away(2014)
10/31/2015,Maryland,GROCERY,>179km,3668.174792,-7770.99,Home(2015)-Away(2014)
11/21/2015,Maryland,GROCERY,>179km,2053.26,-3455.52,Home(2015)-Away(2014)
12/19/2015,Maryland,GROCERY,>179km,3224.991459,-2402.75,Home(2015)-Away(2014)
10/10/2015,Maryland,MASS MERCHANDISER,>179km,620.6339881,-944.09,Home(2015)-Away(2014)
10/31/2015,Maryland,MASS MERCHANDISER,>179km,1134.465655,880.75,Home(2015)-Away(2014)
11/21/2015,Maryland,MASS MERCHANDISER,>179km,511.1388691,146.91,Home(2015)-Away(2014)
12/19/2015,Maryland,MASS MERCHANDISER,>179km,835.5789286,-1271.96,Home(2015)-Away(2014)
10/10/2015,Maryland,CONVENIENCE STORE,10-50km,399.8751389,-778.81,Home(2015)-Away(2014)
10/31/2015,Maryland,CONVENIENCE STORE,10-50km,616.3995238,-4538,Home(2015)-Away(2014)
11/21/2015,Maryland,CONVENIENCE STORE,10-50km,503.9125,1053.23,Home(2015)-Away(2014)
12/19/2015,Maryland,CONVENIENCE STORE,10-50km,974.4996429,3133.63,Home(2015)-Away(2014)
10/10/2015,Maryland,DRUG,10-50km,839.1328593,13435.66,Home(2015)-Away(2014)
10/31/2015,Maryland,DRUG,10-50km,1892.604067,78092.42,Home(2015)-Away(2014)
11/21/2015,Maryland,DRUG,10-50km,754.3365903,-14066.16,Home(2015)-Away(2014)
12/19/2015,Maryland,DRUG,10-50km,1618.201292,-35213.95,Home(2015)-Away(2014)
10/10/2015,Maryland,GROCERY,10-50km,2270.097725,52785.06,Home(2015)-Away(2014)
10/31/2015,Maryland,GROCERY,10-50km,4191.124661,93354.79,Home(2015)-Away(2014)
11/21/2015,Maryland,GROCERY,10-50km,1885.269706,-15196.13,Home(2015)-Away(2014)
12/19/2015,Maryland,GROCERY,10-50km,2831.644754,-78529.88,Home(2015)-Away(2014)
10/10/2015,Maryland,MASS MERCHANDISER,10-50km,1828.30504,-5444.96,Home(2015)-Away(2014)
10/31/2015,Maryland,MASS MERCHANDISER,10-50km,4922.044443,163865.33,Home(2015)-Away(2014)
11/21/2015,Maryland,MASS MERCHANDISER,10-50km,1542.265141,-33292.6,Home(2015)-Away(2014)
12/19/2015,Maryland,MASS MERCHANDISER,10-50km,3896.649876,-76152.23,Home(2015)-Away(2014)
10/10/2015,Maryland,WHOLESALE CLUB,10-50km,15002.49125,-18494.06,Home(2015)-Away(2014)
10/31/2015,Maryland,WHOLESALE CLUB,10-50km,28513.07844,87207.24,Home(2015)-Away(2014)
11/21/2015,Maryland,WHOLESALE CLUB,10-50km,11696.53,2306.56,Home(2015)-Away(2014)
12/19/2015,Maryland,WHOLESALE CLUB,10-50km,19999.96266,72248.05,Home(2015)-Away(2014)
10/10/2015,Maryland,DRUG,126-179km,436.0391667,-62.56,Home(2015)-Away(2014)
10/31/2015,Maryland,DRUG,126-179km,819.8084722,2646.9,Home(2015)-Away(2014)
11/21/2015,Maryland,DRUG,126-179km,432.3296528,-4106.45,Home(2015)-Away(2014)
12/19/2015,Maryland,DRUG,126-179km,1024.585069,-4759.69,Home(2015)-Away(2014)
10/10/2015,Maryland,GROCERY,126-179km,1285.702223,5595.9,Home(2015)-Away(2014)
10/31/2015,Maryland,GROCERY,126-179km,1564.503889,10953.9,Home(2015)-Away(2014)
11/21/2015,Maryland,GROCERY,126-179km,1232.965304,2298.8,Home(2015)-Away(2014)
12/19/2015,Maryland,GROCERY,126-179km,1443.03125,-4315.24,Home(2015)-Away(2014)
10/10/2015,Maryland,MASS MERCHANDISER,126-179km,573.0046334,-2201.57,Home(2015)-Away(2014)
10/31/2015,Maryland,MASS MERCHANDISER,126-179km,1085.404733,2006.7,Home(2015)-Away(2014)
11/21/2015,Maryland,MASS MERCHANDISER,126-179km,532.8335334,503.24,Home(2015)-Away(2014)
12/19/2015,Maryland,MASS MERCHANDISER,126-179km,1067.8135,-8434.31,Home(2015)-Away(2014)
10/10/2015,Maryland,CONVENIENCE STORE,50-126km,466.2377834,1261.33,Home(2015)-Away(2014)
10/31/2015,Maryland,CONVENIENCE STORE,50-126km,450.6333333,654.29,Home(2015)-Away(2014)
11/21/2015,Maryland,CONVENIENCE STORE,50-126km,447.8827667,429.78,Home(2015)-Away(2014)
12/19/2015,Maryland,CONVENIENCE STORE,50-126km,442.7133667,3118.22,Home(2015)-Away(2014)
10/10/2015,Maryland,DRUG,50-126km,752.3751786,5480.99,Home(2015)-Away(2014)
10/31/2015,Maryland,DRUG,50-126km,1653.507937,33118.96,Home(2015)-Away(2014)
11/21/2015,Maryland,DRUG,50-126km,675.3173215,1383.03,Home(2015)-Away(2014)
12/19/2015,Maryland,DRUG,50-126km,1509.100853,-14247.89,Home(2015)-Away(2014)
10/10/2015,Maryland,GROCERY,50-126km,1900.461802,8806.96,Home(2015)-Away(2014)
10/31/2015,Maryland,GROCERY,50-126km,3410.001931,53180.12,Home(2015)-Away(2014)
11/21/2015,Maryland,GROCERY,50-126km,1611.129785,1185.28,Home(2015)-Away(2014)
12/19/2015,Maryland,GROCERY,50-126km,2338.901201,-44806.6,Home(2015)-Away(2014)
10/10/2015,Maryland,MASS MERCHANDISER,50-126km,1089.807088,-2903.43,Home(2015)-Away(2014)
10/31/2015,Maryland,MASS MERCHANDISER,50-126km,2507.881156,37855.61,Home(2015)-Away(2014)
11/21/2015,Maryland,MASS MERCHANDISER,50-126km,983.8824373,-17292.14,Home(2015)-Away(2014)
12/19/2015,Maryland,MASS MERCHANDISER,50-126km,2376.5394,-87030.19,Home(2015)-Away(2014)
10/10/2015,Maryland,WHOLESALE CLUB,50-126km,12116.18313,4135.99,Home(2015)-Away(2014)
10/31/2015,Maryland,WHOLESALE CLUB,50-126km,24898.86188,31684.65,Home(2015)-Away(2014)
11/21/2015,Maryland,WHOLESALE CLUB,50-126km,9312.76125,-7080.18,Home(2015)-Away(2014)
12/19/2015,Maryland,WHOLESALE CLUB,50-126km,16166.74625,23114.7,Home(2015)-Away(2014)
10/31/2015,Colorado,CONVENIENCE STORE,<10km,339.4345455,789.88,Home(2015)-Away(2014)
11/14/2015,Colorado,CONVENIENCE STORE,<10km,318.7740404,4477.6,Home(2015)-Away(2014)
11/28/2015,Colorado,CONVENIENCE STORE,<10km,327.2330556,56.37,Home(2015)-Away(2014)
12/12/2015,Colorado,CONVENIENCE STORE,<10km,355.8557828,3594.33,Home(2015)-Away(2014)
10/31/2015,Colorado,DRUG,<10km,2443.324271,5679.17,Home(2015)-Away(2014)
11/14/2015,Colorado,DRUG,<10km,1042.472014,11411.36,Home(2015)-Away(2014)
11/28/2015,Colorado,DRUG,<10km,1069.428368,-10949.93,Home(2015)-Away(2014)
12/12/2015,Colorado,DRUG,<10km,1528.438854,1978.89,Home(2015)-Away(2014)
10/31/2015,Colorado,GROCERY,<10km,6108.444,16210.14,Home(2015)-Away(2014)
11/14/2015,Colorado,GROCERY,<10km,2402.880778,21934.42,Home(2015)-Away(2014)
11/28/2015,Colorado,GROCERY,<10km,2471.651722,-4989.19,Home(2015)-Away(2014)
12/12/2015,Colorado,GROCERY,<10km,3513.919111,-8560.96,Home(2015)-Away(2014)
10/31/2015,Colorado,MASS MERCHANDISER,<10km,1916.203713,11356,Home(2015)-Away(2014)
11/14/2015,Colorado,MASS MERCHANDISER,<10km,564.250947,3690.75,Home(2015)-Away(2014)
11/28/2015,Colorado,MASS MERCHANDISER,<10km,687.6391667,-4745.48,Home(2015)-Away(2014)
12/12/2015,Colorado,MASS MERCHANDISER,<10km,1103.132841,-9329.61,Home(2015)-Away(2014)
10/31/2015,Colorado,CONVENIENCE STORE,>179km,464.0973572,6892.21,Home(2015)-Away(2014)
11/14/2015,Colorado,CONVENIENCE STORE,>179km,485.3227857,2063.45,Home(2015)-Away(2014)
11/28/2015,Colorado,CONVENIENCE STORE,>179km,497.9973095,3305.11,Home(2015)-Away(2014)
12/12/2015,Colorado,CONVENIENCE STORE,>179km,481.3577381,2188.91,Home(2015)-Away(2014)
10/31/2015,Colorado,DRUG,>179km,1536.275556,15197.24,Home(2015)-Away(2014)
11/14/2015,Colorado,DRUG,>179km,667.4498333,434.25,Home(2015)-Away(2014)
11/28/2015,Colorado,DRUG,>179km,762.8722222,-1139.06,Home(2015)-Away(2014)
12/12/2015,Colorado,DRUG,>179km,1183.791111,1654,Home(2015)-Away(2014)
10/31/2015,Colorado,GROCERY,>179km,1832.377237,11752.73,Home(2015)-Away(2014)
11/14/2015,Colorado,GROCERY,>179km,1292.013334,8436.84,Home(2015)-Away(2014)
11/28/2015,Colorado,GROCERY,>179km,1276.453553,14471.37,Home(2015)-Away(2014)
12/12/2015,Colorado,GROCERY,>179km,1400.336404,-6689.8,Home(2015)-Away(2014)
10/31/2015,Colorado,MASS MERCHANDISER,>179km,1291.876122,26465.42,Home(2015)-Away(2014)
11/14/2015,Colorado,MASS MERCHANDISER,>179km,467.7921795,5863.46,Home(2015)-Away(2014)
11/28/2015,Colorado,MASS MERCHANDISER,>179km,540.6294231,-7625.14,Home(2015)-Away(2014)
12/12/2015,Colorado,MASS MERCHANDISER,>179km,895.9790866,-6505.39,Home(2015)-Away(2014)
10/31/2015,Colorado,CONVENIENCE STORE,10-50km,345.3210701,26176.84,Home(2015)-Away(2014)
11/14/2015,Colorado,CONVENIENCE STORE,10-50km,326.3654759,29543.62,Home(2015)-Away(2014)
11/28/2015,Colorado,CONVENIENCE STORE,10-50km,346.3086032,4775.24,Home(2015)-Away(2014)
12/12/2015,Colorado,CONVENIENCE STORE,10-50km,354.1337216,17070.88,Home(2015)-Away(2014)
10/31/2015,Colorado,DRUG,10-50km,2001.205541,117760.41,Home(2015)-Away(2014)
11/14/2015,Colorado,DRUG,10-50km,788.4753025,32165.66,Home(2015)-Away(2014)
11/28/2015,Colorado,DRUG,10-50km,985.2766648,-22954.1,Home(2015)-Away(2014)
12/12/2015,Colorado,DRUG,10-50km,1400.531085,30564.08,Home(2015)-Away(2014)
10/31/2015,Colorado,GROCERY,10-50km,6315.964357,56341.82,Home(2015)-Away(2014)
11/14/2015,Colorado,GROCERY,10-50km,2258.016755,90714.04,Home(2015)-Away(2014)
11/28/2015,Colorado,GROCERY,10-50km,2741.949269,34229.46,Home(2015)-Away(2014)
12/12/2015,Colorado,GROCERY,10-50km,4247.318568,-5218.46,Home(2015)-Away(2014)
10/31/2015,Colorado,MASS MERCHANDISER,10-50km,3135.997287,34256.34,Home(2015)-Away(2014)
11/14/2015,Colorado,MASS MERCHANDISER,10-50km,915.171628,13218.36,Home(2015)-Away(2014)
11/28/2015,Colorado,MASS MERCHANDISER,10-50km,1190.329903,-8118.13,Home(2015)-Away(2014)
12/12/2015,Colorado,MASS MERCHANDISER,10-50km,2117.562248,-19083.1,Home(2015)-Away(2014)
10/31/2015,Colorado,CONVENIENCE STORE,126-179km,494.4342273,12070.97,Home(2015)-Away(2014)
11/14/2015,Colorado,CONVENIENCE STORE,126-179km,493.2233864,19200.8,Home(2015)-Away(2014)
11/28/2015,Colorado,CONVENIENCE STORE,126-179km,488.394894,11210.92,Home(2015)-Away(2014)
12/12/2015,Colorado,CONVENIENCE STORE,126-179km,524.4548182,15735.05,Home(2015)-Away(2014)
10/31/2015,Colorado,DRUG,126-179km,2040.298855,25959.15,Home(2015)-Away(2014)
11/14/2015,Colorado,DRUG,126-179km,810.0438542,5293.77,Home(2015)-Away(2014)
11/28/2015,Colorado,DRUG,126-179km,1016.357292,-2985.3,Home(2015)-Away(2014)
12/12/2015,Colorado,DRUG,126-179km,1530.023854,10055.39,Home(2015)-Away(2014)
10/31/2015,Colorado,GROCERY,126-179km,1894.52823,-4370.61,Home(2015)-Away(2014)
11/14/2015,Colorado,GROCERY,126-179km,1305.942396,2868.67,Home(2015)-Away(2014)
11/28/2015,Colorado,GROCERY,126-179km,1320.525313,-4160.71,Home(2015)-Away(2014)
12/12/2015,Colorado,GROCERY,126-179km,1566.480834,-4022.62,Home(2015)-Away(2014)
10/31/2015,Colorado,MASS MERCHANDISER,126-179km,1270.9844,9424.18,Home(2015)-Away(2014)
11/14/2015,Colorado,MASS MERCHANDISER,126-179km,429.9836333,6886.95,Home(2015)-Away(2014)
11/28/2015,Colorado,MASS MERCHANDISER,126-179km,493.9954667,-4934.48,Home(2015)-Away(2014)
12/12/2015,Colorado,MASS MERCHANDISER,126-179km,844.4815667,-7859.17,Home(2015)-Away(2014)
10/31/2015,Colorado,CONVENIENCE STORE,50-126km,436.1788509,26576.73,Home(2015)-Away(2014)
11/14/2015,Colorado,CONVENIENCE STORE,50-126km,417.5541936,21556.78,Home(2015)-Away(2014)
11/28/2015,Colorado,CONVENIENCE STORE,50-126km,435.0989248,3995.1,Home(2015)-Away(2014)
12/12/2015,Colorado,CONVENIENCE STORE,50-126km,452.504953,26980.53,Home(2015)-Away(2014)
10/31/2015,Colorado,DRUG,50-126km,2303.435648,105667.95,Home(2015)-Away(2014)
11/14/2015,Colorado,DRUG,50-126km,927.6874075,11800.86,Home(2015)-Away(2014)
11/28/2015,Colorado,DRUG,50-126km,1098.318852,-19548.44,Home(2015)-Away(2014)
12/12/2015,Colorado,DRUG,50-126km,1602.358667,20878.5,Home(2015)-Away(2014)
10/31/2015,Colorado,GROCERY,50-126km,3972.877917,33922.54,Home(2015)-Away(2014)
11/14/2015,Colorado,GROCERY,50-126km,1986.475313,71581.37,Home(2015)-Away(2014)
11/28/2015,Colorado,GROCERY,50-126km,2248.609438,-8955.45,Home(2015)-Away(2014)
12/12/2015,Colorado,GROCERY,50-126km,2915.310688,2104.39,Home(2015)-Away(2014)
10/31/2015,Colorado,MASS MERCHANDISER,50-126km,2208.555187,32692.73,Home(2015)-Away(2014)
11/14/2015,Colorado,MASS MERCHANDISER,50-126km,724.2849966,6757.68,Home(2015)-Away(2014)
11/28/2015,Colorado,MASS MERCHANDISER,50-126km,933.0431123,-4802.61,Home(2015)-Away(2014)
12/12/2015,Colorado,MASS MERCHANDISER,50-126km,1648.945374,-25382.94,Home(2015)-Away(2014)
10/3/2015,Louisiana,CONVENIENCE STORE,<10km,387.7924306,8016.34,Home(2015)-Away(2014)
10/10/2015,Louisiana,CONVENIENCE STORE,<10km,379.2639931,5597.75,Home(2015)-Away(2014)
11/14/2015,Louisiana,CONVENIENCE STORE,<10km,360.3381945,7031.6,Home(2015)-Away(2014)
11/28/2015,Louisiana,CONVENIENCE STORE,<10km,320.7276042,2077.51,Home(2015)-Away(2014)
10/3/2015,Louisiana,GROCERY,<10km,1834.878,-4268.64,Home(2015)-Away(2014)
10/10/2015,Louisiana,GROCERY,<10km,1952.810334,-5708.66,Home(2015)-Away(2014)
11/14/2015,Louisiana,GROCERY,<10km,1738.787,-2893.82,Home(2015)-Away(2014)
11/28/2015,Louisiana,GROCERY,<10km,1810.522667,-3785.36,Home(2015)-Away(2014)
10/3/2015,Louisiana,MASS MERCHANDISER,<10km,517.3312292,-2249.75,Home(2015)-Away(2014)
10/10/2015,Louisiana,MASS MERCHANDISER,<10km,528.7691146,1588.25,Home(2015)-Away(2014)
11/14/2015,Louisiana,MASS MERCHANDISER,<10km,513.1801042,-4046.28,Home(2015)-Away(2014)
11/28/2015,Louisiana,MASS MERCHANDISER,<10km,419.5704167,-5773.96,Home(2015)-Away(2014)
10/3/2015,Louisiana,CONVENIENCE STORE,>179km,499.6647603,-7856.09,Home(2015)-Away(2014)
10/10/2015,Louisiana,CONVENIENCE STORE,>179km,484.8763095,4858.19,Home(2015)-Away(2014)
11/14/2015,Louisiana,CONVENIENCE STORE,>179km,462.7212558,9650.4,Home(2015)-Away(2014)
11/28/2015,Louisiana,CONVENIENCE STORE,>179km,453.0872807,-2269.59,Home(2015)-Away(2014)
10/3/2015,Louisiana,GROCERY,>179km,976.1172361,-5800.66,Home(2015)-Away(2014)
10/10/2015,Louisiana,GROCERY,>179km,1146.103371,-23927.79,Home(2015)-Away(2014)
11/14/2015,Louisiana,GROCERY,>179km,1108.155546,35063.27,Home(2015)-Away(2014)
11/28/2015,Louisiana,GROCERY,>179km,1107.028588,-6438.79,Home(2015)-Away(2014)
10/3/2015,Louisiana,MASS MERCHANDISER,>179km,531.9928698,-27109.39,Home(2015)-Away(2014)
10/10/2015,Louisiana,MASS MERCHANDISER,>179km,545.8284063,-3417.84,Home(2015)-Away(2014)
11/14/2015,Louisiana,MASS MERCHANDISER,>179km,499.3014679,-7232.53,Home(2015)-Away(2014)
11/28/2015,Louisiana,MASS MERCHANDISER,>179km,463.3898825,-21681.33,Home(2015)-Away(2014)
10/3/2015,Louisiana,CONVENIENCE STORE,10-50km,377.9204815,2863.71,Home(2015)-Away(2014)
10/10/2015,Louisiana,CONVENIENCE STORE,10-50km,370.7000926,3726.12,Home(2015)-Away(2014)
11/14/2015,Louisiana,CONVENIENCE STORE,10-50km,343.4677778,2023.34,Home(2015)-Away(2014)
11/28/2015,Louisiana,CONVENIENCE STORE,10-50km,357.5637346,1972.19,Home(2015)-Away(2014)
10/3/2015,Louisiana,GROCERY,10-50km,1508.989722,-1930.55,Home(2015)-Away(2014)
10/10/2015,Louisiana,GROCERY,10-50km,1583.450556,-2975.92,Home(2015)-Away(2014)
11/14/2015,Louisiana,GROCERY,10-50km,1267.640278,-3582.65,Home(2015)-Away(2014)
11/28/2015,Louisiana,GROCERY,10-50km,1430.348333,-2522.56,Home(2015)-Away(2014)
10/3/2015,Louisiana,MASS MERCHANDISER,10-50km,524.5646317,-15993.2,Home(2015)-Away(2014)
10/10/2015,Louisiana,MASS MERCHANDISER,10-50km,528.7174328,5533.37,Home(2015)-Away(2014)
11/14/2015,Louisiana,MASS MERCHANDISER,10-50km,492.251664,22.35,Home(2015)-Away(2014)
11/28/2015,Louisiana,MASS MERCHANDISER,10-50km,457.9392823,-11290.39,Home(2015)-Away(2014)
10/3/2015,Louisiana,CONVENIENCE STORE,126-179km,425.7733889,1638.91,Home(2015)-Away(2014)
10/10/2015,Louisiana,CONVENIENCE STORE,126-179km,417.1056111,1055.93,Home(2015)-Away(2014)
11/14/2015,Louisiana,CONVENIENCE STORE,126-179km,393.3679334,2389,Home(2015)-Away(2014)
11/28/2015,Louisiana,CONVENIENCE STORE,126-179km,413.5855556,505.82,Home(2015)-Away(2014)
10/3/2015,Louisiana,GROCERY,126-179km,1145.3275,25.92,Home(2015)-Away(2014)
10/10/2015,Louisiana,GROCERY,126-179km,1186.597084,-3002.87,Home(2015)-Away(2014)
11/14/2015,Louisiana,GROCERY,126-179km,1029.499584,-631.13,Home(2015)-Away(2014)
11/28/2015,Louisiana,GROCERY,126-179km,1132.356667,-2058.38,Home(2015)-Away(2014)
10/3/2015,Louisiana,MASS MERCHANDISER,126-179km,497.573872,-4592.91,Home(2015)-Away(2014)
10/10/2015,Louisiana,MASS MERCHANDISER,126-179km,513.7155996,6195.29,Home(2015)-Away(2014)
11/14/2015,Louisiana,MASS MERCHANDISER,126-179km,488.5830387,331.15,Home(2015)-Away(2014)
11/28/2015,Louisiana,MASS MERCHANDISER,126-179km,440.6697765,-8155.96,Home(2015)-Away(2014)
10/3/2015,Louisiana,CONVENIENCE STORE,50-126km,413.7248718,-712.88,Home(2015)-Away(2014)
10/10/2015,Louisiana,CONVENIENCE STORE,50-126km,415.0626923,4107.12,Home(2015)-Away(2014)
11/14/2015,Louisiana,CONVENIENCE STORE,50-126km,390.7505342,2273.49,Home(2015)-Away(2014)
11/28/2015,Louisiana,CONVENIENCE STORE,50-126km,396.1494017,897.8,Home(2015)-Away(2014)
10/3/2015,Louisiana,GROCERY,50-126km,2093.989334,2196.34,Home(2015)-Away(2014)
10/10/2015,Louisiana,GROCERY,50-126km,2374.8275,-927.43,Home(2015)-Away(2014)
11/14/2015,Louisiana,GROCERY,50-126km,1932.840334,2282.84,Home(2015)-Away(2014)
11/28/2015,Louisiana,GROCERY,50-126km,2144.997334,-3691.54,Home(2015)-Away(2014)
10/3/2015,Louisiana,MASS MERCHANDISER,50-126km,555.207902,26270.32,Home(2015)-Away(2014)
10/10/2015,Louisiana,MASS MERCHANDISER,50-126km,578.9235164,50191.78,Home(2015)-Away(2014)
11/14/2015,Louisiana,MASS MERCHANDISER,50-126km,523.6297026,4318.66,Home(2015)-Away(2014)
11/28/2015,Louisiana,MASS MERCHANDISER,50-126km,484.3561803,-17146,Home(2015)-Away(2014)
10/10/2015,Alabama,CONVENIENCE STORE,<10km,404.0534524,3656.36,Home(2015)-Away(2014)
10/24/2015,Alabama,CONVENIENCE STORE,<10km,394.7541667,1041.68,Home(2015)-Away(2014)
11/7/2015,Alabama,CONVENIENCE STORE,<10km,356.3961607,2355.99,Home(2015)-Away(2014)
10/10/2015,Alabama,DRUG,<10km,355.1462461,4790.97,Home(2015)-Away(2014)
10/24/2015,Alabama,DRUG,<10km,387.8382619,2736.36,Home(2015)-Away(2014)
11/7/2015,Alabama,DRUG,<10km,387.1873079,6871.28,Home(2015)-Away(2014)
10/10/2015,Alabama,GROCERY,<10km,2828.572619,-3160.12,Home(2015)-Away(2014)
10/24/2015,Alabama,GROCERY,<10km,3286.189881,-8020.97,Home(2015)-Away(2014)
11/7/2015,Alabama,GROCERY,<10km,3040.64,22002.56,Home(2015)-Away(2014)
10/10/2015,Alabama,MASS MERCHANDISER,<10km,642.9496174,3417.51,Home(2015)-Away(2014)
10/24/2015,Alabama,MASS MERCHANDISER,<10km,709.4321939,282.6,Home(2015)-Away(2014)
11/7/2015,Alabama,MASS MERCHANDISER,<10km,551.1087245,6087.76,Home(2015)-Away(2014)
10/10/2015,Alabama,CONVENIENCE STORE,>179km,339.1909298,10806.81,Home(2015)-Away(2014)
10/24/2015,Alabama,CONVENIENCE STORE,>179km,326.2231003,22352.23,Home(2015)-Away(2014)
11/7/2015,Alabama,CONVENIENCE STORE,>179km,287.2049248,-1562.31,Home(2015)-Away(2014)
10/10/2015,Alabama,DRUG,>179km,409.8102748,26811.06,Home(2015)-Away(2014)
10/24/2015,Alabama,DRUG,>179km,444.9929485,-896.02,Home(2015)-Away(2014)
11/7/2015,Alabama,DRUG,>179km,453.4426977,73372.54,Home(2015)-Away(2014)
10/10/2015,Alabama,GROCERY,>179km,1529.366586,852.33,Home(2015)-Away(2014)
10/24/2015,Alabama,GROCERY,>179km,1807.831184,-27621.73,Home(2015)-Away(2014)
11/7/2015,Alabama,GROCERY,>179km,1838.309325,43837.19,Home(2015)-Away(2014)
10/10/2015,Alabama,MASS MERCHANDISER,>179km,473.1759461,34070.23,Home(2015)-Away(2014)
10/24/2015,Alabama,MASS MERCHANDISER,>179km,524.1584148,-107031.31,Home(2015)-Away(2014)
11/7/2015,Alabama,MASS MERCHANDISER,>179km,406.6904628,12510.65,Home(2015)-Away(2014)
10/10/2015,Alabama,CONVENIENCE STORE,10-50km,445.9466964,-584.34,Home(2015)-Away(2014)
10/24/2015,Alabama,CONVENIENCE STORE,10-50km,427.520134,698.63,Home(2015)-Away(2014)
11/7/2015,Alabama,CONVENIENCE STORE,10-50km,388.8172768,-512.33,Home(2015)-Away(2014)
10/10/2015,Alabama,DRUG,10-50km,642.7345238,1843.19,Home(2015)-Away(2014)
10/24/2015,Alabama,DRUG,10-50km,669.3585715,-575.12,Home(2015)-Away(2014)
11/7/2015,Alabama,DRUG,10-50km,673.5604762,3759.96,Home(2015)-Away(2014)
10/10/2015,Alabama,GROCERY,10-50km,1083.654143,1308.47,Home(2015)-Away(2014)
10/24/2015,Alabama,GROCERY,10-50km,1190.637143,2863.34,Home(2015)-Away(2014)
11/7/2015,Alabama,GROCERY,10-50km,1682.877857,5984.35,Home(2015)-Away(2014)
10/10/2015,Alabama,MASS MERCHANDISER,10-50km,493.631707,9141.99,Home(2015)-Away(2014)
10/24/2015,Alabama,MASS MERCHANDISER,10-50km,550.0731114,-7507.89,Home(2015)-Away(2014)
11/7/2015,Alabama,MASS MERCHANDISER,10-50km,438.3510238,-4340.68,Home(2015)-Away(2014)
10/10/2015,Alabama,CONVENIENCE STORE,126-179km,365.6744493,4569.6,Home(2015)-Away(2014)
10/24/2015,Alabama,CONVENIENCE STORE,126-179km,356.4235224,8464.46,Home(2015)-Away(2014)
11/7/2015,Alabama,CONVENIENCE STORE,126-179km,303.6051445,3757.06,Home(2015)-Away(2014)
10/10/2015,Alabama,DRUG,126-179km,464.4413731,11949.26,Home(2015)-Away(2014)
10/24/2015,Alabama,DRUG,126-179km,496.8714645,-1525.41,Home(2015)-Away(2014)
11/7/2015,Alabama,DRUG,126-179km,510.4281623,65014.89,Home(2015)-Away(2014)
10/10/2015,Alabama,GROCERY,126-179km,1132.300332,8492.52,Home(2015)-Away(2014)
10/24/2015,Alabama,GROCERY,126-179km,1333.167509,-1638.04,Home(2015)-Away(2014)
11/7/2015,Alabama,GROCERY,126-179km,1543.531927,-12803.38,Home(2015)-Away(2014)
10/10/2015,Alabama,MASS MERCHANDISER,126-179km,487.1067973,27921.45,Home(2015)-Away(2014)
10/24/2015,Alabama,MASS MERCHANDISER,126-179km,549.7433984,-51036.05,Home(2015)-Away(2014)
11/7/2015,Alabama,MASS MERCHANDISER,126-179km,424.7066634,4277.24,Home(2015)-Away(2014)
10/10/2015,Alabama,CONVENIENCE STORE,50-126km,371.7683588,10868.89,Home(2015)-Away(2014)
10/24/2015,Alabama,CONVENIENCE STORE,50-126km,356.9353571,9484.72,Home(2015)-Away(2014)
11/7/2015,Alabama,CONVENIENCE STORE,50-126km,296.999239,11725.37,Home(2015)-Away(2014)
10/10/2015,Alabama,DRUG,50-126km,432.1424874,11153.06,Home(2015)-Away(2014)
10/24/2015,Alabama,DRUG,50-126km,462.4883698,4517.43,Home(2015)-Away(2014)
11/7/2015,Alabama,DRUG,50-126km,473.263521,47616.09,Home(2015)-Away(2014)
10/10/2015,Alabama,GROCERY,50-126km,1076.587021,8364.22,Home(2015)-Away(2014)
10/24/2015,Alabama,GROCERY,50-126km,1267.555633,561.44,Home(2015)-Away(2014)
11/7/2015,Alabama,GROCERY,50-126km,1523.048817,-7597.68,Home(2015)-Away(2014)
10/10/2015,Alabama,MASS MERCHANDISER,50-126km,493.7996595,33107.14,Home(2015)-Away(2014)
10/24/2015,Alabama,MASS MERCHANDISER,50-126km,559.8057994,-24723.75,Home(2015)-Away(2014)
11/7/2015,Alabama,MASS MERCHANDISER,50-126km,429.8355311,22124.49,Home(2015)-Away(2014)
